LOAD_ZONE,balancing_area
FRCC,FPL
MIS_AMSO,MISO
MIS_AR,MISO
MIS_D_MS,MISO
MIS_IA,MISO
MIS_IL,MISO
MIS_INKY,MISO
MIS_LA,MISO
MIS_LMI,MISO
MIS_MAPP,MISO
MIS_MIDA,MISO
MIS_MNWI,MISO
MIS_MO,MISO
MIS_WOTA,MISO
MIS_WUMS,MISO
NENG_CT,ISNE
NENG_ME,ISNE
NENGREST,ISNE
NY_Z_A,NYIS
NY_Z_B,NYIS
NY_Z_C&E,NYIS
NY_Z_D,NYIS
NY_Z_F,NYIS
NY_Z_G-I,NYIS
NY_Z_J,NYIS
NY_Z_K,NYIS
PJM_AP,PJM
PJM_ATSI,PJM
PJM_COMD,PJM
PJM_Dom,PJM
PJM_EMAC,PJM
PJM_PENE,PJM
PJM_SMAC,PJM
PJM_West,PJM
PJM_WMAC,PJM
S_C_KY,LGEE
S_C_TVA,TVA
S_D_AECI,AECI
S_SOU,SOCO
S_VACA,CPLE
SPP_N,SWPP
SPP_NEBR,SWPP
SPP_SPS,SWPP
SPP_WAUE,SWPP
SPP_WEST,SWPP
_ALL_ZONES,.
loadzone,BANC
